{
  "uid" : "4b4757e66a1912dae1a509f688f20b0f",
  "name" : "categories",
  "children" : [ {
    "name" : "Product defects",
    "children" : [ {
      "name" : "AssertionError",
      "children" : [ {
        "name" : "test_station_count[caseinfo0]",
        "uid" : "ce7e3f78ab3aa445",
        "parentUid" : "a0017ad855102fea08b8682d27fec4ca",
        "status" : "failed",
        "time" : {
          "start" : 1667538816057,
          "stop" : 1667538817145,
          "duration" : 1088
        },
        "flaky" : false,
        "newFailed" : false,
        "newPassed" : false,
        "newBroken" : false,
        "retriesCount" : 0,
        "retriesStatusChange" : false,
        "parameters" : [ "{'name': '测试用例1：传入实时时间，正确cookie值，能获取设备总数量', 'request': {'method': 'get', 'url': 'https://noc-test.merckuwifi.com/api/statistics/routers/count', 'data': {'t': None}}, 'header': None, 'assert': 'total'}" ]
      }, {
        "name" : "test_station_count[caseinfo1]",
        "uid" : "1fa9c140dbfd59",
        "parentUid" : "a0017ad855102fea08b8682d27fec4ca",
        "status" : "failed",
        "time" : {
          "start" : 1667538817162,
          "stop" : 1667538818325,
          "duration" : 1163
        },
        "flaky" : false,
        "newFailed" : false,
        "newPassed" : false,
        "newBroken" : false,
        "retriesCount" : 0,
        "retriesStatusChange" : false,
        "parameters" : [ "{'name': '测试用例2：传入任意时间，正确cookie值能，获取设备总数量', 'request': {'method': 'get', 'url': 'https://noc-test.merckuwifi.com/api/statistics/routers/count', 'data': {'t': 165454}}, 'header': None, 'assert': 'total'}" ]
      }, {
        "name" : "test_station_info[caseinfo0]",
        "uid" : "831fcc2a50e62be9",
        "parentUid" : "a0017ad855102fea08b8682d27fec4ca",
        "status" : "failed",
        "time" : {
          "start" : 1667538819498,
          "stop" : 1667538822051,
          "duration" : 2553
        },
        "flaky" : false,
        "newFailed" : false,
        "newPassed" : false,
        "newBroken" : false,
        "retriesCount" : 0,
        "retriesStatusChange" : false,
        "parameters" : [ "{'name': '测试用例1：传入实时时间，设备sn号，正确cookie值,正确的参数值mode,wifi,wan,enduser,status,state 能获取设备总数量', 'request': {'method': 'get', 'url': 'https://noc-test.merckuwifi.com/api/meshes/', 'station': '080052203000120', 'fields': 'mode,wifi,wan,enduser,status,state', 'data': {'t': None}}, 'header': None, 'assert': 'wan'}" ]
      }, {
        "name" : "test_station_info[caseinfo2]",
        "uid" : "21f9c47196fa56de",
        "parentUid" : "a0017ad855102fea08b8682d27fec4ca",
        "status" : "failed",
        "time" : {
          "start" : 1667538823139,
          "stop" : 1667538824301,
          "duration" : 1162
        },
        "flaky" : false,
        "newFailed" : false,
        "newPassed" : false,
        "newBroken" : false,
        "retriesCount" : 0,
        "retriesStatusChange" : false,
        "parameters" : [ "{'name': '测试用例3：传入实时时间，设备sn号，正确cookie值,不传参数值state,不能获取设备总数量', 'request': {'method': 'get', 'url': 'https://noc-test.merckuwifi.com/api/meshes/', 'station': '080052203000111', 'fields': 'mode,wifi,wan,enduser,status', 'data': {'t': None}}, 'header': None, 'assert': 'status'}" ]
      }, {
        "name" : "test_station_info[caseinfo3]",
        "uid" : "828e2dc99bbbfd4",
        "parentUid" : "a0017ad855102fea08b8682d27fec4ca",
        "status" : "failed",
        "time" : {
          "start" : 1667538824307,
          "stop" : 1667538827197,
          "duration" : 2890
        },
        "flaky" : false,
        "newFailed" : false,
        "newPassed" : false,
        "newBroken" : false,
        "retriesCount" : 0,
        "retriesStatusChange" : false,
        "parameters" : [ "{'name': '测试用例4：传入设备sn号，正确的cookie，不传参数status 不能获取设备总数量', 'request': {'method': 'get', 'url': 'https://noc-test.merckuwifi.com/api/meshes/', 'station': '080052203000111', 'fields': 'mode,wifi,wan,enduser,state', 'data': {'t': None}}, 'header': None, 'assert': 'state'}" ]
      }, {
        "name" : "test_station_info[caseinfo4]",
        "uid" : "4cea96a760f8e897",
        "parentUid" : "a0017ad855102fea08b8682d27fec4ca",
        "status" : "failed",
        "time" : {
          "start" : 1667538827202,
          "stop" : 1667538828279,
          "duration" : 1077
        },
        "flaky" : false,
        "newFailed" : false,
        "newPassed" : false,
        "newBroken" : false,
        "retriesCount" : 0,
        "retriesStatusChange" : false,
        "parameters" : [ "{'name': '测试用例5：不传入设备sn号，正确的参数值mode,wifi,wan,enduser,status,state 不能获取设备总数量', 'request': {'method': 'get', 'url': 'https://noc-test.merckuwifi.com/api/meshes', 'station': None, 'fields': 'mode,wifi,wan,enduser,status,state', 'data': {'t': None}}, 'header': None, 'assert': {'code': 100201}}" ]
      }, {
        "name" : "test_station_info[caseinfo0]",
        "uid" : "875b4af14c8c676b",
        "parentUid" : "a0017ad855102fea08b8682d27fec4ca",
        "status" : "failed",
        "time" : {
          "start" : 1667538828284,
          "stop" : 1667538831396,
          "duration" : 3112
        },
        "flaky" : false,
        "newFailed" : false,
        "newPassed" : false,
        "newBroken" : false,
        "retriesCount" : 0,
        "retriesStatusChange" : false,
        "parameters" : [ "{'name': '测试用例1:上传正确参数值，正确cookie值,能获取所有用户信息', 'request': {'method': 'get', 'url': 'https://noc-test.merckuwifi.com/api/endusers', 'data': {'offset': None, 'count': None, 't': None}}, 'header': None, 'assert': 'total'}" ]
      } ],
      "uid" : "a0017ad855102fea08b8682d27fec4ca"
    } ],
    "uid" : "8fb3a91ba5aaf9de24cc8a92edc82b5d"
  } ]
}