{
  "uid" : "98d3104e051c652961429bf95fa0b5d6",
  "name" : "suites",
  "children" : [ {
    "name" : "testcase",
    "children" : [ {
      "name" : "test_6_user_info",
      "children" : [ {
        "name" : "Test_station_info",
        "children" : [ {
          "name" : "test_station_info[caseinfo0]",
          "uid" : "aadbdbf08be9182c",
          "parentUid" : "ea2e38dd1a9804ae9fbe4277385289f4",
          "status" : "passed",
          "time" : {
            "start" : 1667538803463,
            "stop" : 1667538806596,
            "duration" : 3133
          },
          "flaky" : false,
          "newFailed" : false,
          "newPassed" : false,
          "newBroken" : false,
          "retriesCount" : 0,
          "retriesStatusChange" : false,
          "parameters" : [ "{'name': '测试用例1:上传正确id，正确cookie值,能获取用户信息', 'request': {'method': 'get', 'url': 'https://noc-test.merckuwifi.com/api/endusers/', 'userid': None, 'data': {'t': None}}, 'header': None, 'assert': {'id': None}}" ]
        }, {
          "name" : "test_station_info[caseinfo1]",
          "uid" : "e9dea1b8c8857095",
          "parentUid" : "ea2e38dd1a9804ae9fbe4277385289f4",
          "status" : "passed",
          "time" : {
            "start" : 1667538806600,
            "stop" : 1667538809715,
            "duration" : 3115
          },
          "flaky" : false,
          "newFailed" : false,
          "newPassed" : false,
          "newBroken" : false,
          "retriesCount" : 0,
          "retriesStatusChange" : false,
          "parameters" : [ "{'name': '测试用例2:上传错误id，正确cookie值,不能能获取用户信息', 'request': {'method': 'get', 'url': 'https://noc-test.merckuwifi.com/api/endusers/', 'userid': 'ssdsd4545', 'data': {'t': None}}, 'header': None, 'assert': {'message': ['Id is invalid']}}" ]
        } ],
        "uid" : "ea2e38dd1a9804ae9fbe4277385289f4"
      } ],
      "uid" : "83c725130e3560dd96c30858700ad48e"
    }, {
      "name" : "test_4_station_nodes",
      "children" : [ {
        "name" : "Test_station_info",
        "children" : [ {
          "name" : "test_station_info[caseinfo0]",
          "uid" : "c7d8abe97320c7f9",
          "parentUid" : "600c5eff2340b7af78b90a88b5dead86",
          "status" : "passed",
          "time" : {
            "start" : 1667538809717,
            "stop" : 1667538811219,
            "duration" : 1502
          },
          "flaky" : false,
          "newFailed" : false,
          "newPassed" : false,
          "newBroken" : false,
          "retriesCount" : 0,
          "retriesStatusChange" : false,
          "parameters" : [ "{'name': '测试用例1:上传正确设备sn号，正确cookie值,能获取接入设备信息', 'request': {'method': 'get', 'url': 'https://noc-test.merckuwifi.com/api/meshes/', 'station': '080052203000111', 'data': {'t': None}}, 'header': None, 'assert': {'sn': None}}" ]
        }, {
          "name" : "test_station_info[caseinfo1]",
          "uid" : "2e6ad0cc25f3c0a1",
          "parentUid" : "600c5eff2340b7af78b90a88b5dead86",
          "status" : "passed",
          "time" : {
            "start" : 1667538811221,
            "stop" : 1667538812322,
            "duration" : 1101
          },
          "flaky" : false,
          "newFailed" : false,
          "newPassed" : false,
          "newBroken" : false,
          "retriesCount" : 0,
          "retriesStatusChange" : false,
          "parameters" : [ "{'name': '测试用例2:不传设备sn号，正确cookie值,不能获取接入设备信息', 'request': {'method': 'get', 'url': 'https://noc-test.merckuwifi.com/api/meshes/', 'station': None, 'data': {'t': None}}, 'header': None, 'assert': {'message': ['Mesh id invalid']}}" ]
        }, {
          "name" : "test_station_info[caseinfo2]",
          "uid" : "f3dadd726a930a6a",
          "parentUid" : "600c5eff2340b7af78b90a88b5dead86",
          "status" : "passed",
          "time" : {
            "start" : 1667538812325,
            "stop" : 1667538813392,
            "duration" : 1067
          },
          "flaky" : false,
          "newFailed" : false,
          "newPassed" : false,
          "newBroken" : false,
          "retriesCount" : 0,
          "retriesStatusChange" : false,
          "parameters" : [ "{'name': '测试用例3:上传正确设备sn号，错误cookie值,不能获取接入设备信息', 'request': {'method': 'get', 'url': 'https://noc-test.merckuwifi.com/api/meshes/', 'station': '080052203000111', 'data': {'t': None}}, 'header': 'dfsdfds44454', 'assert': 'Unauthorized'}" ]
        } ],
        "uid" : "600c5eff2340b7af78b90a88b5dead86"
      } ],
      "uid" : "cd9529b24e8e8c7f48af41461cf3dc20"
    }, {
      "name" : "test_1_login",
      "children" : [ {
        "name" : "Test_login",
        "children" : [ {
          "name" : "test_login[caseinfo0]",
          "uid" : "a473f8af071f4d7f",
          "parentUid" : "55aa6cc4e9ad71fb6729eb92662424d7",
          "status" : "passed",
          "time" : {
            "start" : 1667538813396,
            "stop" : 1667538814887,
            "duration" : 1491
          },
          "flaky" : false,
          "newFailed" : false,
          "newPassed" : false,
          "newBroken" : false,
          "retriesCount" : 0,
          "retriesStatusChange" : false,
          "parameters" : [ "{'name': '测试用例1：使用正确的用户名和密码能登录成功', 'request': {'method': 'post', 'url': 'https://noc-test.merckuwifi.com/api/users/actions/login', 'data': {'username': 'yuchao', 'password': 12345678}}, 'assert': {'id': 'eq6bDnMTZmyPPQ6hsawghX'}}" ]
        }, {
          "name" : "test_login[caseinfo1]",
          "uid" : "2b9b8339c14a48a3",
          "parentUid" : "55aa6cc4e9ad71fb6729eb92662424d7",
          "status" : "passed",
          "time" : {
            "start" : 1667538814890,
            "stop" : 1667538815168,
            "duration" : 278
          },
          "flaky" : false,
          "newFailed" : false,
          "newPassed" : false,
          "newBroken" : false,
          "retriesCount" : 0,
          "retriesStatusChange" : false,
          "parameters" : [ "{'name': '测试用例2：使用错误的用户名不能登录成功', 'request': {'method': 'post', 'url': 'https://noc-test.merckuwifi.com/api/users/actions/login', 'data': {'username': 'yudsadc', 'password': 12345678}}, 'assert': {'message': ['Incorrect username or password']}}" ]
        }, {
          "name" : "test_login[caseinfo2]",
          "uid" : "11a60c70412dbe9b",
          "parentUid" : "55aa6cc4e9ad71fb6729eb92662424d7",
          "status" : "passed",
          "time" : {
            "start" : 1667538815170,
            "stop" : 1667538815760,
            "duration" : 590
          },
          "flaky" : false,
          "newFailed" : false,
          "newPassed" : false,
          "newBroken" : false,
          "retriesCount" : 0,
          "retriesStatusChange" : false,
          "parameters" : [ "{'name': '测试用例3：使用错误的密码不能登录成功', 'request': {'method': 'post', 'url': 'https://noc-test.merckuwifi.com/api/users/actions/login', 'data': {'username': 'yuchao', 'password': 12345678922}}, 'assert': {'message': ['Incorrect username or password']}}" ]
        }, {
          "name" : "test_login[caseinfo3]",
          "uid" : "1873d36a50e55488",
          "parentUid" : "55aa6cc4e9ad71fb6729eb92662424d7",
          "status" : "passed",
          "time" : {
            "start" : 1667538815763,
            "stop" : 1667538816054,
            "duration" : 291
          },
          "flaky" : false,
          "newFailed" : false,
          "newPassed" : false,
          "newBroken" : false,
          "retriesCount" : 0,
          "retriesStatusChange" : false,
          "parameters" : [ "{'name': '测试用例4：不填写用户名和密码不能登录成功', 'request': {'method': 'post', 'url': 'https://noc-test.merckuwifi.com/api/users/actions/login', 'data': {'username': None, 'password': None}}, 'assert': {'message': [\"'username' is a required property\"]}}" ]
        } ],
        "uid" : "55aa6cc4e9ad71fb6729eb92662424d7"
      } ],
      "uid" : "b1bfd72d04858fcd607a3daeceb051b7"
    }, {
      "name" : "test_2_station_count",
      "children" : [ {
        "name" : "Test_station_count",
        "children" : [ {
          "name" : "test_station_count[caseinfo0]",
          "uid" : "ce7e3f78ab3aa445",
          "parentUid" : "6b8d2f4015ef31e203717602dd856d96",
          "status" : "failed",
          "time" : {
            "start" : 1667538816057,
            "stop" : 1667538817145,
            "duration" : 1088
          },
          "flaky" : false,
          "newFailed" : false,
          "newPassed" : false,
          "newBroken" : false,
          "retriesCount" : 0,
          "retriesStatusChange" : false,
          "parameters" : [ "{'name': '测试用例1：传入实时时间，正确cookie值，能获取设备总数量', 'request': {'method': 'get', 'url': 'https://noc-test.merckuwifi.com/api/statistics/routers/count', 'data': {'t': None}}, 'header': None, 'assert': 'total'}" ]
        }, {
          "name" : "test_station_count[caseinfo1]",
          "uid" : "1fa9c140dbfd59",
          "parentUid" : "6b8d2f4015ef31e203717602dd856d96",
          "status" : "failed",
          "time" : {
            "start" : 1667538817162,
            "stop" : 1667538818325,
            "duration" : 1163
          },
          "flaky" : false,
          "newFailed" : false,
          "newPassed" : false,
          "newBroken" : false,
          "retriesCount" : 0,
          "retriesStatusChange" : false,
          "parameters" : [ "{'name': '测试用例2：传入任意时间，正确cookie值能，获取设备总数量', 'request': {'method': 'get', 'url': 'https://noc-test.merckuwifi.com/api/statistics/routers/count', 'data': {'t': 165454}}, 'header': None, 'assert': 'total'}" ]
        }, {
          "name" : "test_station_count[caseinfo2]",
          "uid" : "5b9cc62e3e3f7722",
          "parentUid" : "6b8d2f4015ef31e203717602dd856d96",
          "status" : "passed",
          "time" : {
            "start" : 1667538818330,
            "stop" : 1667538819495,
            "duration" : 1165
          },
          "flaky" : false,
          "newFailed" : false,
          "newPassed" : false,
          "newBroken" : false,
          "retriesCount" : 0,
          "retriesStatusChange" : false,
          "parameters" : [ "{'name': '测试用例3：传入正确时间，错误cookie值，不能获取设备总数量', 'request': {'method': 'get', 'url': 'https://noc-test.merckuwifi.com/api/statistics/routers/count', 'data': {'t': None}}, 'header': 'sdfsf454', 'assert': 'HTTP 401: Unauthorized'}" ]
        } ],
        "uid" : "6b8d2f4015ef31e203717602dd856d96"
      } ],
      "uid" : "22e05b9fa9fc2129576044a42c9f28ca"
    }, {
      "name" : "test_3_station_info",
      "children" : [ {
        "name" : "Test_station_info",
        "children" : [ {
          "name" : "test_station_info[caseinfo0]",
          "uid" : "831fcc2a50e62be9",
          "parentUid" : "47c96c1340ac277f9ce2f8c963af3523",
          "status" : "failed",
          "time" : {
            "start" : 1667538819498,
            "stop" : 1667538822051,
            "duration" : 2553
          },
          "flaky" : false,
          "newFailed" : false,
          "newPassed" : false,
          "newBroken" : false,
          "retriesCount" : 0,
          "retriesStatusChange" : false,
          "parameters" : [ "{'name': '测试用例1：传入实时时间，设备sn号，正确cookie值,正确的参数值mode,wifi,wan,enduser,status,state 能获取设备总数量', 'request': {'method': 'get', 'url': 'https://noc-test.merckuwifi.com/api/meshes/', 'station': '080052203000120', 'fields': 'mode,wifi,wan,enduser,status,state', 'data': {'t': None}}, 'header': None, 'assert': 'wan'}" ]
        }, {
          "name" : "test_station_info[caseinfo1]",
          "uid" : "f60063fb97917969",
          "parentUid" : "47c96c1340ac277f9ce2f8c963af3523",
          "status" : "passed",
          "time" : {
            "start" : 1667538822056,
            "stop" : 1667538823137,
            "duration" : 1081
          },
          "flaky" : false,
          "newFailed" : false,
          "newPassed" : false,
          "newBroken" : false,
          "retriesCount" : 0,
          "retriesStatusChange" : false,
          "parameters" : [ "{'name': '测试用例2：传入实时时间，设备sn号，错误cookie值,正确的参数值mode,wifi,wan,enduser,status,state 不能获取设备总数量', 'request': {'method': 'get', 'url': 'https://noc-test.merckuwifi.com/api/meshes/', 'station': '080052203000083', 'fields': 'mode,wifi,wan,enduser,status,state', 'data': {'t': None}}, 'header': 'dfsd5656fsd5634', 'assert': 'HTTP 401'}" ]
        }, {
          "name" : "test_station_info[caseinfo2]",
          "uid" : "21f9c47196fa56de",
          "parentUid" : "47c96c1340ac277f9ce2f8c963af3523",
          "status" : "failed",
          "time" : {
            "start" : 1667538823139,
            "stop" : 1667538824301,
            "duration" : 1162
          },
          "flaky" : false,
          "newFailed" : false,
          "newPassed" : false,
          "newBroken" : false,
          "retriesCount" : 0,
          "retriesStatusChange" : false,
          "parameters" : [ "{'name': '测试用例3：传入实时时间，设备sn号，正确cookie值,不传参数值state,不能获取设备总数量', 'request': {'method': 'get', 'url': 'https://noc-test.merckuwifi.com/api/meshes/', 'station': '080052203000111', 'fields': 'mode,wifi,wan,enduser,status', 'data': {'t': None}}, 'header': None, 'assert': 'status'}" ]
        }, {
          "name" : "test_station_info[caseinfo3]",
          "uid" : "828e2dc99bbbfd4",
          "parentUid" : "47c96c1340ac277f9ce2f8c963af3523",
          "status" : "failed",
          "time" : {
            "start" : 1667538824307,
            "stop" : 1667538827197,
            "duration" : 2890
          },
          "flaky" : false,
          "newFailed" : false,
          "newPassed" : false,
          "newBroken" : false,
          "retriesCount" : 0,
          "retriesStatusChange" : false,
          "parameters" : [ "{'name': '测试用例4：传入设备sn号，正确的cookie，不传参数status 不能获取设备总数量', 'request': {'method': 'get', 'url': 'https://noc-test.merckuwifi.com/api/meshes/', 'station': '080052203000111', 'fields': 'mode,wifi,wan,enduser,state', 'data': {'t': None}}, 'header': None, 'assert': 'state'}" ]
        }, {
          "name" : "test_station_info[caseinfo4]",
          "uid" : "4cea96a760f8e897",
          "parentUid" : "47c96c1340ac277f9ce2f8c963af3523",
          "status" : "failed",
          "time" : {
            "start" : 1667538827202,
            "stop" : 1667538828279,
            "duration" : 1077
          },
          "flaky" : false,
          "newFailed" : false,
          "newPassed" : false,
          "newBroken" : false,
          "retriesCount" : 0,
          "retriesStatusChange" : false,
          "parameters" : [ "{'name': '测试用例5：不传入设备sn号，正确的参数值mode,wifi,wan,enduser,status,state 不能获取设备总数量', 'request': {'method': 'get', 'url': 'https://noc-test.merckuwifi.com/api/meshes', 'station': None, 'fields': 'mode,wifi,wan,enduser,status,state', 'data': {'t': None}}, 'header': None, 'assert': {'code': 100201}}" ]
        } ],
        "uid" : "47c96c1340ac277f9ce2f8c963af3523"
      } ],
      "uid" : "58acc32d1bd055384502fe3c0fba59f4"
    }, {
      "name" : "test_5_user",
      "children" : [ {
        "name" : "Test_station_info",
        "children" : [ {
          "name" : "test_station_info[caseinfo0]",
          "uid" : "875b4af14c8c676b",
          "parentUid" : "851fb51bb35328acf96e4b30fb5d8ed1",
          "status" : "failed",
          "time" : {
            "start" : 1667538828284,
            "stop" : 1667538831396,
            "duration" : 3112
          },
          "flaky" : false,
          "newFailed" : false,
          "newPassed" : false,
          "newBroken" : false,
          "retriesCount" : 0,
          "retriesStatusChange" : false,
          "parameters" : [ "{'name': '测试用例1:上传正确参数值，正确cookie值,能获取所有用户信息', 'request': {'method': 'get', 'url': 'https://noc-test.merckuwifi.com/api/endusers', 'data': {'offset': None, 'count': None, 't': None}}, 'header': None, 'assert': 'total'}" ]
        }, {
          "name" : "test_station_info[caseinfo1]",
          "uid" : "ed710cb833a1f92c",
          "parentUid" : "851fb51bb35328acf96e4b30fb5d8ed1",
          "status" : "passed",
          "time" : {
            "start" : 1667538831401,
            "stop" : 1667538836462,
            "duration" : 5061
          },
          "flaky" : false,
          "newFailed" : false,
          "newPassed" : false,
          "newBroken" : false,
          "retriesCount" : 0,
          "retriesStatusChange" : false,
          "parameters" : [ "{'name': '测试用例2:上传正确参数值，错误cookie值,不能能获取所有用户信息', 'request': {'method': 'get', 'url': 'https://noc-test.merckuwifi.com/api/endusers', 'data': {'offset': 0, 'count': 10, 't': None}}, 'header': 'dfsdfsd4545454', 'assert': 'Unauthorized'}" ]
        } ],
        "uid" : "851fb51bb35328acf96e4b30fb5d8ed1"
      } ],
      "uid" : "8bf836647fe3f1e79709b033dd51363a"
    } ],
    "uid" : "7d3977dcbf31acd3e26ecbe96342e45e"
  } ]
}