{
  "total" : 5,
  "items" : [ {
    "uid" : "10d0d23cc70280f5ffd7a0b9d2baf9c6",
    "name" : "查询设备详细信息模块",
    "statistic" : {
      "failed" : 4,
      "broken" : 0,
      "skipped" : 0,
      "passed" : 1,
      "unknown" : 0,
      "total" : 5
    }
  }, {
    "uid" : "13bcc41e4a22c7b79becb07468ed3466",
    "name" : "设备数量统计模块",
    "statistic" : {
      "failed" : 2,
      "broken" : 0,
      "skipped" : 0,
      "passed" : 1,
      "unknown" : 0,
      "total" : 3
    }
  }, {
    "uid" : "93e6d5aa633956525794a4e27d81e14b",
    "name" : "用户信息模块",
    "statistic" : {
      "failed" : 1,
      "broken" : 0,
      "skipped" : 0,
      "passed" : 3,
      "unknown" : 0,
      "total" : 4
    }
  }, {
    "uid" : "6958045a481574bf02bb11ef07a7047b",
    "name" : "登录模块",
    "statistic" : {
      "failed" : 0,
      "broken" : 0,
      "skipped" : 0,
      "passed" : 4,
      "unknown" : 0,
      "total" : 4
    }
  }, {
    "uid" : "2e27881dc6bb7e1f7896218092fb981d",
    "name" : "接入设备详情模块",
    "statistic" : {
      "failed" : 0,
      "broken" : 0,
      "skipped" : 0,
      "passed" : 3,
      "unknown" : 0,
      "total" : 3
    }
  } ]
}