[ {
  "uid" : "5b9cc62e3e3f7722",
  "name" : "test_station_count[caseinfo2]",
  "time" : {
    "start" : 1667538818330,
    "stop" : 1667538819495,
    "duration" : 1165
  },
  "status" : "passed",
  "severity" : "normal"
}, {
  "uid" : "ed710cb833a1f92c",
  "name" : "test_station_info[caseinfo1]",
  "time" : {
    "start" : 1667538831401,
    "stop" : 1667538836462,
    "duration" : 5061
  },
  "status" : "passed",
  "severity" : "normal"
}, {
  "uid" : "ce7e3f78ab3aa445",
  "name" : "test_station_count[caseinfo0]",
  "time" : {
    "start" : 1667538816057,
    "stop" : 1667538817145,
    "duration" : 1088
  },
  "status" : "failed",
  "severity" : "normal"
}, {
  "uid" : "aadbdbf08be9182c",
  "name" : "test_station_info[caseinfo0]",
  "time" : {
    "start" : 1667538803463,
    "stop" : 1667538806596,
    "duration" : 3133
  },
  "status" : "passed",
  "severity" : "normal"
}, {
  "uid" : "1fa9c140dbfd59",
  "name" : "test_station_count[caseinfo1]",
  "time" : {
    "start" : 1667538817162,
    "stop" : 1667538818325,
    "duration" : 1163
  },
  "status" : "failed",
  "severity" : "normal"
}, {
  "uid" : "828e2dc99bbbfd4",
  "name" : "test_station_info[caseinfo3]",
  "time" : {
    "start" : 1667538824307,
    "stop" : 1667538827197,
    "duration" : 2890
  },
  "status" : "failed",
  "severity" : "normal"
}, {
  "uid" : "831fcc2a50e62be9",
  "name" : "test_station_info[caseinfo0]",
  "time" : {
    "start" : 1667538819498,
    "stop" : 1667538822051,
    "duration" : 2553
  },
  "status" : "failed",
  "severity" : "normal"
}, {
  "uid" : "21f9c47196fa56de",
  "name" : "test_station_info[caseinfo2]",
  "time" : {
    "start" : 1667538823139,
    "stop" : 1667538824301,
    "duration" : 1162
  },
  "status" : "failed",
  "severity" : "normal"
}, {
  "uid" : "c7d8abe97320c7f9",
  "name" : "test_station_info[caseinfo0]",
  "time" : {
    "start" : 1667538809717,
    "stop" : 1667538811219,
    "duration" : 1502
  },
  "status" : "passed",
  "severity" : "normal"
}, {
  "uid" : "1873d36a50e55488",
  "name" : "test_login[caseinfo3]",
  "time" : {
    "start" : 1667538815763,
    "stop" : 1667538816054,
    "duration" : 291
  },
  "status" : "passed",
  "severity" : "normal"
}, {
  "uid" : "a473f8af071f4d7f",
  "name" : "test_login[caseinfo0]",
  "time" : {
    "start" : 1667538813396,
    "stop" : 1667538814887,
    "duration" : 1491
  },
  "status" : "passed",
  "severity" : "normal"
}, {
  "uid" : "2b9b8339c14a48a3",
  "name" : "test_login[caseinfo1]",
  "time" : {
    "start" : 1667538814890,
    "stop" : 1667538815168,
    "duration" : 278
  },
  "status" : "passed",
  "severity" : "normal"
}, {
  "uid" : "4cea96a760f8e897",
  "name" : "test_station_info[caseinfo4]",
  "time" : {
    "start" : 1667538827202,
    "stop" : 1667538828279,
    "duration" : 1077
  },
  "status" : "failed",
  "severity" : "normal"
}, {
  "uid" : "875b4af14c8c676b",
  "name" : "test_station_info[caseinfo0]",
  "time" : {
    "start" : 1667538828284,
    "stop" : 1667538831396,
    "duration" : 3112
  },
  "status" : "failed",
  "severity" : "normal"
}, {
  "uid" : "f3dadd726a930a6a",
  "name" : "test_station_info[caseinfo2]",
  "time" : {
    "start" : 1667538812325,
    "stop" : 1667538813392,
    "duration" : 1067
  },
  "status" : "passed",
  "severity" : "normal"
}, {
  "uid" : "2e6ad0cc25f3c0a1",
  "name" : "test_station_info[caseinfo1]",
  "time" : {
    "start" : 1667538811221,
    "stop" : 1667538812322,
    "duration" : 1101
  },
  "status" : "passed",
  "severity" : "normal"
}, {
  "uid" : "e9dea1b8c8857095",
  "name" : "test_station_info[caseinfo1]",
  "time" : {
    "start" : 1667538806600,
    "stop" : 1667538809715,
    "duration" : 3115
  },
  "status" : "passed",
  "severity" : "normal"
}, {
  "uid" : "11a60c70412dbe9b",
  "name" : "test_login[caseinfo2]",
  "time" : {
    "start" : 1667538815170,
    "stop" : 1667538815760,
    "duration" : 590
  },
  "status" : "passed",
  "severity" : "normal"
}, {
  "uid" : "f60063fb97917969",
  "name" : "test_station_info[caseinfo1]",
  "time" : {
    "start" : 1667538822056,
    "stop" : 1667538823137,
    "duration" : 1081
  },
  "status" : "passed",
  "severity" : "normal"
} ]