{
  "f07267812cc8f195567215ec1c417792" : {
    "statistic" : {
      "failed" : 1,
      "broken" : 0,
      "skipped" : 0,
      "passed" : 0,
      "unknown" : 0,
      "total" : 1
    },
    "items" : [ {
      "uid" : "875b4af14c8c676b",
      "status" : "failed",
      "statusDetails" : "AssertionError",
      "time" : {
        "start" : 1667538828284,
        "stop" : 1667538831396,
        "duration" : 3112
      }
    } ]
  },
  "502086bb066f249f6507542b43fb3d55" : {
    "statistic" : {
      "failed" : 0,
      "broken" : 0,
      "skipped" : 0,
      "passed" : 1,
      "unknown" : 0,
      "total" : 1
    },
    "items" : [ {
      "uid" : "ed710cb833a1f92c",
      "status" : "passed",
      "time" : {
        "start" : 1667538831401,
        "stop" : 1667538836462,
        "duration" : 5061
      }
    } ]
  },
  "2b9d7073c27592c8d2b387559eca9aba" : {
    "statistic" : {
      "failed" : 1,
      "broken" : 0,
      "skipped" : 0,
      "passed" : 0,
      "unknown" : 0,
      "total" : 1
    },
    "items" : [ {
      "uid" : "ce7e3f78ab3aa445",
      "status" : "failed",
      "statusDetails" : "AssertionError",
      "time" : {
        "start" : 1667538816057,
        "stop" : 1667538817145,
        "duration" : 1088
      }
    } ]
  },
  "493b659cc9fdad9b5585509f49885d80" : {
    "statistic" : {
      "failed" : 0,
      "broken" : 0,
      "skipped" : 0,
      "passed" : 1,
      "unknown" : 0,
      "total" : 1
    },
    "items" : [ {
      "uid" : "2e6ad0cc25f3c0a1",
      "status" : "passed",
      "time" : {
        "start" : 1667538811221,
        "stop" : 1667538812322,
        "duration" : 1101
      }
    } ]
  },
  "cb79e5bccc017229a0a16eb366e2f5c2" : {
    "statistic" : {
      "failed" : 0,
      "broken" : 0,
      "skipped" : 0,
      "passed" : 1,
      "unknown" : 0,
      "total" : 1
    },
    "items" : [ {
      "uid" : "a473f8af071f4d7f",
      "status" : "passed",
      "time" : {
        "start" : 1667538813396,
        "stop" : 1667538814887,
        "duration" : 1491
      }
    } ]
  },
  "ffb9d57a1a9cabf386523ee81d075dfd" : {
    "statistic" : {
      "failed" : 1,
      "broken" : 0,
      "skipped" : 0,
      "passed" : 0,
      "unknown" : 0,
      "total" : 1
    },
    "items" : [ {
      "uid" : "828e2dc99bbbfd4",
      "status" : "failed",
      "statusDetails" : "AssertionError",
      "time" : {
        "start" : 1667538824307,
        "stop" : 1667538827197,
        "duration" : 2890
      }
    } ]
  },
  "7a9a37624231335d48c6a4da0fe8195c" : {
    "statistic" : {
      "failed" : 0,
      "broken" : 0,
      "skipped" : 0,
      "passed" : 1,
      "unknown" : 0,
      "total" : 1
    },
    "items" : [ {
      "uid" : "2b9b8339c14a48a3",
      "status" : "passed",
      "time" : {
        "start" : 1667538814890,
        "stop" : 1667538815168,
        "duration" : 278
      }
    } ]
  },
  "5982490776b37ea17ec9b40b275b90d0" : {
    "statistic" : {
      "failed" : 1,
      "broken" : 0,
      "skipped" : 0,
      "passed" : 0,
      "unknown" : 0,
      "total" : 1
    },
    "items" : [ {
      "uid" : "21f9c47196fa56de",
      "status" : "failed",
      "statusDetails" : "AssertionError",
      "time" : {
        "start" : 1667538823139,
        "stop" : 1667538824301,
        "duration" : 1162
      }
    } ]
  },
  "035a75d7b354bd494b4e6dcd91562aef" : {
    "statistic" : {
      "failed" : 0,
      "broken" : 0,
      "skipped" : 0,
      "passed" : 1,
      "unknown" : 0,
      "total" : 1
    },
    "items" : [ {
      "uid" : "1873d36a50e55488",
      "status" : "passed",
      "time" : {
        "start" : 1667538815763,
        "stop" : 1667538816054,
        "duration" : 291
      }
    } ]
  },
  "e1c6829759b0b276c4b4d0af1548e4db" : {
    "statistic" : {
      "failed" : 0,
      "broken" : 0,
      "skipped" : 0,
      "passed" : 1,
      "unknown" : 0,
      "total" : 1
    },
    "items" : [ {
      "uid" : "c7d8abe97320c7f9",
      "status" : "passed",
      "time" : {
        "start" : 1667538809717,
        "stop" : 1667538811219,
        "duration" : 1502
      }
    } ]
  },
  "a7201005644f0d959d3672d197a49d02" : {
    "statistic" : {
      "failed" : 1,
      "broken" : 0,
      "skipped" : 0,
      "passed" : 0,
      "unknown" : 0,
      "total" : 1
    },
    "items" : [ {
      "uid" : "1fa9c140dbfd59",
      "status" : "failed",
      "statusDetails" : "AssertionError",
      "time" : {
        "start" : 1667538817162,
        "stop" : 1667538818325,
        "duration" : 1163
      }
    } ]
  },
  "6f9e6e0e4f677b4fdf744636701003f6" : {
    "statistic" : {
      "failed" : 1,
      "broken" : 0,
      "skipped" : 0,
      "passed" : 0,
      "unknown" : 0,
      "total" : 1
    },
    "items" : [ {
      "uid" : "4cea96a760f8e897",
      "status" : "failed",
      "statusDetails" : "AssertionError",
      "time" : {
        "start" : 1667538827202,
        "stop" : 1667538828279,
        "duration" : 1077
      }
    } ]
  },
  "122ab69eea377b98f292c8cfffc4a417" : {
    "statistic" : {
      "failed" : 1,
      "broken" : 0,
      "skipped" : 0,
      "passed" : 0,
      "unknown" : 0,
      "total" : 1
    },
    "items" : [ {
      "uid" : "831fcc2a50e62be9",
      "status" : "failed",
      "statusDetails" : "AssertionError",
      "time" : {
        "start" : 1667538819498,
        "stop" : 1667538822051,
        "duration" : 2553
      }
    } ]
  },
  "c667c17f5febf88e6b76b48d549ddb10" : {
    "statistic" : {
      "failed" : 0,
      "broken" : 0,
      "skipped" : 0,
      "passed" : 1,
      "unknown" : 0,
      "total" : 1
    },
    "items" : [ {
      "uid" : "aadbdbf08be9182c",
      "status" : "passed",
      "time" : {
        "start" : 1667538803463,
        "stop" : 1667538806596,
        "duration" : 3133
      }
    } ]
  },
  "2d0cf217899792b7eaa87a84201ae5a5" : {
    "statistic" : {
      "failed" : 0,
      "broken" : 0,
      "skipped" : 0,
      "passed" : 1,
      "unknown" : 0,
      "total" : 1
    },
    "items" : [ {
      "uid" : "f3dadd726a930a6a",
      "status" : "passed",
      "time" : {
        "start" : 1667538812325,
        "stop" : 1667538813392,
        "duration" : 1067
      }
    } ]
  },
  "6854387381f5ab5022c06bc4ab3a0fb4" : {
    "statistic" : {
      "failed" : 0,
      "broken" : 0,
      "skipped" : 0,
      "passed" : 1,
      "unknown" : 0,
      "total" : 1
    },
    "items" : [ {
      "uid" : "11a60c70412dbe9b",
      "status" : "passed",
      "time" : {
        "start" : 1667538815170,
        "stop" : 1667538815760,
        "duration" : 590
      }
    } ]
  },
  "04cde33a2590a3486beab5bcc962560c" : {
    "statistic" : {
      "failed" : 0,
      "broken" : 0,
      "skipped" : 0,
      "passed" : 1,
      "unknown" : 0,
      "total" : 1
    },
    "items" : [ {
      "uid" : "e9dea1b8c8857095",
      "status" : "passed",
      "time" : {
        "start" : 1667538806600,
        "stop" : 1667538809715,
        "duration" : 3115
      }
    } ]
  },
  "f19503583f6b910438bf14eef4038442" : {
    "statistic" : {
      "failed" : 0,
      "broken" : 0,
      "skipped" : 0,
      "passed" : 1,
      "unknown" : 0,
      "total" : 1
    },
    "items" : [ {
      "uid" : "5b9cc62e3e3f7722",
      "status" : "passed",
      "time" : {
        "start" : 1667538818330,
        "stop" : 1667538819495,
        "duration" : 1165
      }
    } ]
  },
  "b5b6a3d236af18af5d93840c6448ff0a" : {
    "statistic" : {
      "failed" : 0,
      "broken" : 0,
      "skipped" : 0,
      "passed" : 1,
      "unknown" : 0,
      "total" : 1
    },
    "items" : [ {
      "uid" : "f60063fb97917969",
      "status" : "passed",
      "time" : {
        "start" : 1667538822056,
        "stop" : 1667538823137,
        "duration" : 1081
      }
    } ]
  }
}